{
  "sample_size": 1000,
  "seed": 42,
  "accuracy": 0.946,
  "per_class": {
    "supplies": {
      "correct": 401,
      "total": 418,
      "accuracy": 0.9593301435406698
    },
    "vehicle": {
      "correct": 258,
      "total": 267,
      "accuracy": 0.9662921348314607
    },
    "weapon": {
      "correct": 287,
      "total": 315,
      "accuracy": 0.9111111111111111
    }
  }
}